{"schemaVersion":"1.0","appDefinitionTemplate":{"id":"/providers/Microsoft.PowerApps/apps/","type":"Microsoft.PowerApps/apps","tags":{"primaryDeviceWidth":"1366","primaryDeviceHeight":"768","supportsPortrait":"true","supportsLandscape":"true","primaryFormFactor":"Tablet","publisherVersion":"3.23102.20","minimumRequiredApiVersion":"2.2.0","hasComponent":"true","hasUnlockedComponent":"true","isUnifiedRootApp":"false","sienaVersion":"20231107T121338Z-3.23102.20.0","showStatusBar":"false"},"properties":{"appVersion":"2023-11-07T12:13:38Z","lifeCycleId":"Published","createdByClientVersion":{"major":3,"minor":23102,"build":20,"revision":0,"majorRevision":0,"minorRevision":0},"minClientVersion":{"major":3,"minor":23102,"build":20,"revision":0,"majorRevision":0,"minorRevision":0},"backgroundColor":"RGBA(0,176,240,1)","backgroundImageUri":"/14382796220036201267/N170fa856-31d1-4034-9dff-5df609fe7f37-logoSmallFile","displayName":"Bootstrap Template 3","description":"","aiGeneratedDescription":"Empower your business with a versatile app that streamlines processes and enhances productivity. With Bootstrap Template 3, easily navigate through multiple screens and customize settings to fit your unique needs. Access detailed item information and view data in a clear, organized table format. Say goodbye to wasted time and hello to streamlined efficiency.","commitMessage":"","appUris":{"documentUri":{"value":"/14382796220036201267/Nfaf29708-a056-4b84-801b-85112a47eeec-document.msapp"},"imageUris":[],"additionalUris":[]},"createdTime":"0001-01-01T00:00:00Z","lastModifiedTime":"0001-01-01T00:00:00Z","sharedGroupsCount":0,"sharedUsersCount":0,"connectionReferences":{},"databaseReferences":{},"almMode":"Environment","performanceOptimizationEnabled":true,"canConsumeAppPass":true,"enableModernRuntimeMode":false,"executionRestrictions":{"isTeamsOnly":false,"dataLossPreventionEvaluationResult":{"status":"Compliant","lastEvaluationDate":"2023-10-12T20:17:59.1045571Z","violations":[],"violationsByPolicy":[],"violationErrorMessage":"The app uses the following connectors: ."}}},"appType":"ClassicCanvasApp","appComponents":[]}}